{"handRight":false,"timer":60,"level":1,"autogrip":false,"userId":"user13","boxPosition":{"x":0.0010946020483970643,"y":0.5295543670654297,"z":0.2529229521751404},"levelEasy":false}